x,y_linear,y_quadratic,y_logarithmic,y_exponential,y_power,y_rational
1.9934283060224653,15.09264642103621,-16.548914866959446,8.008748451473396,-208.0695756297751,-78.98611071932717,18.539832877776817
1.0071390194341352,24.271409718080857,80.1220022928043,6.5034188692075885,108.58618725324195,21.044272395874913,22.00451405236835
2.8627123197543938,22.733377031406178,-29.209734026694022,10.799914379417894,238.50581616685452,-15.855732338498207,16.037304598558645
4.8970625781455634,17.64327114572964,-74.40262113739554,12.667350725038474,145.28650430325385,-46.02707633760784,14.80211618927114
1.6663637376593452,10.975747265121475,-77.84148800317506,7.382209214752371,200.50298051013672,16.920714758814135,18.781359159351993
1.9500641949841604,1.8498668410823136,51.270954568697746,7.86550112862828,-150.04895573848088,43.24762549772886,19.295728336475026
5.860431361673808,21.46594704426062,-67.53812408582041,13.042227963157801,-282.8000178862914,7.728373486949505,13.193775358781268
4.520542810741348,15.414770637651984,115.81308394758689,13.441803133134389,301.73744142926165,36.40977048993448,14.847736154786286
2.33039220234213,16.05316610923622,-110.82079551670232,10.036466507903885,-63.20329142857871,51.07844245615568,17.34231415093194
4.638128683160468,10.323012272377941,112.17544358423206,11.692506736886365,-48.68808955978239,47.59910210744867,14.735689034200373
2.9098408321401186,19.46806722276202,25.62496026941473,11.198431984091645,267.00671151345745,53.0651759200305,16.122065182764853
3.1888843324010336,30.299599961028363,6.664356947659915,7.2204333215021,112.63116976908296,26.74013382009437,15.886779800154928
4.887936004450119,18.132238526556723,-22.580569545167386,13.72559935806379,92.67278237657624,11.128419835113974,14.266429649380754
0.8611185937789605,13.169913705436816,41.51311612629774,3.3142512876304524,434.247882088469,-47.50791448489178,22.93168808599574
1.5215110398449943,17.70521751672361,13.640383903848154,7.243886655212477,-127.41860645213457,-6.011818979421408,20.285102057048952
4.130439268165619,13.313893451555682,77.21890082609534,10.32993117303959,187.0131441144251,-18.525786490523917,14.616270312323067
3.513019707755221,18.02347408749222,18.78286128987203,9.472286162007721,12.808145123578674,70.35449298420959,15.425228256009122
6.450844235391121,23.253034596295752,17.988251251395063,14.849836190655669,55.32263067904627,8.542677377791573,12.858149784686624
4.289969040934656,18.70168358782496,-11.005872981199756,11.26387662381988,307.14921538173155,10.891043056069243,13.444758749097392
3.565077411082999,8.182595689152832,8.429985732889808,11.500547729354015,102.97596782845858,21.895233945101573,15.380844512821673
9.604649973373194,31.25672667602241,28.104016435607505,14.992684719064199,109.50800476452162,27.433807808267748,13.563764115569608
6.505467456333518,28.243651553288295,-93.66228456331518,14.063020874523076,216.1095903525442,64.85848364728325,13.723207266840944
7.375744088458942,39.950796299097775,-72.13803742003219,14.084973431219732,-71.31819554421368,-1.5561840764783526,12.975179247475554
4.674858928432685,28.27985558193378,54.942130056214204,10.629205277169834,-166.36097393810914,14.093424727984765,14.273950440214875
6.7192574735857376,45.329968259079905,19.123838066186856,14.81543079704822,-207.33817022656604,-7.523435828475446,13.249886416062482
8.31353572383234,20.110363680700353,-2.1566321063704663,13.879032086510476,-391.52688297397765,-18.863229356362908,12.957824775578628
6.073371011344507,30.90663389556805,10.263090038178028,11.347756949561221,412.8185820309823,-5.80474827040692,12.943976273517563
9.41042182465696,32.359474619025924,30.33484463132539,14.453532926310874,-218.80897268696464,24.174456645949356,12.958600522025407
7.74141602990451,48.251569406938,-23.623924478662722,15.98725023063503,-42.550627768358346,5.622593098379355,13.217639196318332
8.642973531932071,20.524450976278665,-37.68700582519931,15.64725282011758,-53.59217171056357,1.2951753576569836,12.951654163288335
8.306615428836334,19.369320150283077,20.63084099586826,14.049826386526526,63.22523130743487,-21.479690422438566,12.905499076947413
13.49825264408951,34.751705155783554,-42.75655970043656,15.991131728001738,165.35027257049506,42.54099878512539,11.734154056136534
10.050369447372269,10.886966375332605,34.5460422064863,14.844475517587071,173.98094286357534,-17.049182831977813,12.598798416550082
8.24560966071284,22.356473934974495,-93.29382950104076,16.930821165713485,-114.87637683830162,43.268692362426584,12.999893165941248
12.289788964607524,30.133145795981832,75.08775390463383,16.49339755116234,-31.33810555804037,41.23188532956396,11.704123134962506
8.486679462235605,29.72063652035109,37.30055621702209,15.070041225373789,58.274069795463305,-22.29376434520643,12.348473141679044
11.629761573963666,39.491963692680756,27.522770190389906,17.050610006324096,-47.71304069599699,26.20599291805447,12.030379608657594
7.576361757971107,44.70261278708663,67.71262526034693,14.386679411903522,323.1566315595608,-4.690140182713847,13.689499054234224
9.122997529710302,39.311732206136256,109.20529086404376,14.532343131364248,100.00413910451275,33.63648232787851,11.850070694187995
12.456759721021914,32.37286274593075,74.52609728747687,15.85343388128463,149.0775287738483,79.81816340155555,11.12403972952648
13.823638031050994,32.57494836414391,-93.70477429034781,16.419598599192977,134.81157568635,-9.471556026312243,11.768875999344118
12.973109055216616,44.351964353106595,-62.033633458083266,16.206848039690765,236.84615573007787,45.71458312550253,11.814594704986982
12.6827435498367,25.50452680438532,-23.366948521065943,17.034124627918334,38.32776788192719,35.956485606463104,11.913789780146365
12.595500345211107,56.803338521571305,15.508287766259333,16.195693601837103,-257.25125367726156,60.452979525650704,11.960820287322514
10.524331377431334,45.10522965079121,41.63885728425053,16.293927494521117,81.86449800964087,36.637812056216006,12.05772212287642
12.325354563153276,33.12162988683614,-30.137819457179106,15.949774053135505,-128.18179996344406,16.3792314834158,12.621054405681859
13.127433059799621,22.687237358590274,26.289606437129848,16.393178897508975,-103.55695965866708,33.49945975503869,10.96915469685809
16.446622675933533,61.65528043148795,-20.564564480093736,14.80263976927678,119.78817291386272,37.895369644215016,11.018693579862829
15.30328242440913,44.112807608496645,-15.762824860498405,18.01186258136931,250.04583981311538,87.32971549436675,11.481806154915352
11.37363315632324,47.812246010542715,-72.64865904493999,16.14097735321959,6.256292059954584,34.87958837554035,11.198830774655802
15.831549027614805,30.634595981093348,-32.76105292674442,18.2456310239492,64.21330517493568,115.15704422452896,11.397378752630043
14.696884149769085,37.74846014488498,-61.992048043940514,13.275035581034377,342.76789896173733,49.78121778814268,12.42340785546441
14.396872331766305,43.044617826597595,-40.28902558650324,19.174093580968474,50.44436933438151,28.6738329897226,11.634149634725816
17.257736531836464,50.61414726723858,91.01119224141756,17.22553459634556,522.9454994191365,21.31104745367231,11.484633000912705
18.380050620923136,48.4494718375154,-24.538833027146595,18.974882864303005,115.84594867702685,19.705198513734693,10.659903928027855
18.464279435940135,59.389197913325326,190.7360086001194,16.41546498467622,-349.3981118965662,26.817165434602217,10.976223379998823
15.206951773038963,34.34117513877146,50.22849517924304,17.62233939322471,153.04721515876975,62.50991039934533,11.354949745446051
16.550629689558317,46.95277937368286,36.222946977195335,15.961597919418523,78.75884645402277,77.66414807461283,11.265592767206494
18.115248925844377,53.491078631729934,-20.21476485934476,16.8384935098602,260.66206646508914,24.669868120432938,11.948678263745657
19.68747993905847,61.36308818823367,80.47552621753002,20.21676921510764,137.5465760321023,109.22744267261845,11.487305916724043
17.061708830899676,56.77042085813809,-7.503014420885464,17.118527931024417,-25.105232550970864,51.022163246208486,10.828414694428615
17.93240697503913,40.58459651921913,37.83761193729071,17.80735753380953,-242.1703501247483,75.34846128191434,11.443739532396503
16.37472260213121,32.59566479797181,178.10721254908339,18.227036641026352,-39.29740762778121,109.71122216138383,11.687982767197836
16.478646923758426,60.97338552838115,19.10962613282434,17.803079933446018,-167.58509418962743,88.87389833622805,12.000391185593536
20.77977943848467,62.27258871600759,112.97690796410059,18.316424172131715,-113.04775847177446,81.75384012041813,11.938124024291866
22.150875472614427,54.89232331597053,9.489044915257772,18.829461284691718,120.96716308134499,72.74141499105278,10.572325673026182
19.578042794088613,71.45662674044677,35.82651411734948,20.781733392934708,336.8769095814753,17.09040339020821,10.809458405927106
22.012796454809834,63.18873747995317,157.1222903258788,18.297353208752657,82.16564753301024,76.91228247141103,10.457563181164817
21.01267033089756,71.32464766788216,7.650428427037809,18.42182127554556,-236.08747553737146,85.0917382815699,11.018699624271486
19.28282639336855,55.88225079752246,145.26391304306821,19.09764477762715,91.77832406024847,50.068617708209416,11.46574902315953
21.579524735372125,81.55629108725019,90.86171948211965,19.61361086436325,242.495246908133,91.46595208327857,11.600865053332107
24.216474279063743,85.0945941220914,30.89009591086389,20.17256899422065,-118.38837503916571,117.03516242280874,10.953439851140741
21.352416689688408,57.89140023943028,85.07235397228285,19.01113597509542,-23.666705054079703,87.05657960650339,10.958523534119932
24.837023701312823,78.80826876282562,127.21774514158034,17.477735829118238,6.606890200150218,99.96949869530107,11.04348270655986
16.751913803281827,55.33354400405604,63.17817953770315,19.23416787338771,-154.4294985983065,68.68073338844314,10.990727410763407
23.91887664198827,80.48350718029417,-31.547581156461774,17.323057387785767,133.17682610298357,125.74028596187574,12.04802485904569
22.73283339149067,54.18284887292563,11.529612077090505,18.85840369573817,-20.85187260505529,70.97966935869194,10.249562462644295
22.244392175859094,69.47149503963213,37.378301994016695,17.503228739198914,87.17168286523601,142.47796114086418,11.167898520552319
23.309596051638337,75.85823499759171,54.27265971719294,18.51849447807027,-174.07291523804366,104.97520378231329,12.040203579408521
19.434604291142055,37.99911586362399,74.47728177026994,18.262735706228945,-84.61428411597817,81.25538619167645,11.226814853335792
23.25406596644532,53.30257978945555,69.05017895101737,18.971548646623567,147.8932426993756,128.76817179612203,10.935735492178317
24.69130250692034,48.335934489699845,-12.262485145716951,19.3321091306719,-70.92136139231829,125.34653250131059,10.794369252042955
27.216533075156384,72.34726434344537,109.31020636110492,21.151752012035818,349.476723872608,166.89675620866953,10.795809535236799
23.507872170902562,72.94510298521602,96.63553900502075,19.173582566019515,-76.47101609240893,118.01927471315739,11.706504635410592
23.211093023439982,80.05130307956023,91.70511567409929,18.285533285484075,48.347314990228526,88.83087809837329,9.926653569775558
24.10823376383379,68.01153221378222,128.76352928410705,19.887118330342684,190.06903435872383,124.75532042070404,11.762406162574607
27.226219708183518,91.3517047261717,136.61007806803983,20.644086462112348,-279.5874123834287,104.06963663184942,10.173722741856563
26.336585313875243,59.04044870253919,107.26419401108632,17.610706818260642,-348.2363638130339,134.47472194397415,10.781199176165233
24.9032303087983,52.2242513784442,65.11454234869635,19.57687018915314,-301.45106356850664,118.98262467724685,10.750508381748642
27.272953204335593,74.62690602187278,-12.713720326790423,20.064989234703035,256.61115625878097,132.5181610119726,11.17851394180264
26.724241058581466,77.65125713584673,108.44138200364505,18.785208029270812,-106.37715318739875,130.46571977137708,10.102675763328488
28.751043562727666,78.55066142587823,111.53263173077646,21.085544433648405,516.0157847201885,94.5330111440754,11.071392991437325
25.693315015683687,50.55886653881045,91.24407248370272,18.80485666333637,-109.03612143663338,109.66589189764919,11.948718890901144
26.72576453201936,72.92321093492052,6.071089818912185,19.29320399966195,40.905010486398346,137.11944405220336,10.22010138833854
26.88054014072709,61.15665534676919,19.007674804771057,18.95792425075597,312.44466052105963,140.37668963471182,10.991535855150818
25.02139417250367,76.25021091955956,133.33902194962332,18.89761976033225,404.91839809333453,90.06143535973354,10.629756818545372
28.824332244673563,82.72681307265239,97.32211990484566,18.129349495914525,416.6910985063499,189.57599901674786,11.051185337895621
29.037869856680697,70.19587677842819,142.4160094350205,17.746342281780954,246.1060206822914,127.42050769616058,10.841856607798217
28.80965384738234,73.88546544508891,101.26937198687905,21.356248211902063,209.19998932842225,180.5649744321179,10.517911033986618
28.61392028912363,67.94266550391957,99.69489436483804,18.399219673259314,122.85439869563166,162.65378022316875,11.08813372775766
26.536020693549602,72.7132607611423,137.5210451276096,17.924341506547314,159.63300122375958,113.4245687101868,11.810075754932997
28.809139153896215,88.57427108975293,68.6031986029801,16.858702537816914,-105.84976071782854,204.73625520163307,10.74321707310362
29.2486683881499,70.2644105070193,109.11816194800117,18.73658209257302,-159.16475304505985,119.38234752354438,11.186361634019805
28.613210504536703,83.5734914165202,70.16701423947327,17.82776631564386,3.6739784667475788,177.4066277145188,10.19758134054637
30.17886124142443,77.14457691983667,85.54637579561769,21.598985073771615,-29.370606557305052,193.18081341821653,10.323607119013861
31.593202000162027,78.05427667778163,106.29614911600395,21.023548390701855,-85.6726478238778,155.4504080236784,11.003234251743274
34.841139710730516,93.03254567728071,171.5856104343598,19.37741504241388,145.0330869005737,247.10083754658015,11.439580475935552
31.701591155749636,75.90155466518034,97.16848559420316,22.528390461658105,196.05831868770167,169.03235066689132,10.942295468865586
32.15120393330799,81.84151677979816,205.63173860671913,21.059918173844984,22.78079178169714,189.21751537378356,10.597591409755077
31.77087894210663,74.44841842937808,72.88867479130877,19.444402794539343,300.518898762387,184.96114440738413,10.762518131130983
28.36589596481739,97.56199124120737,84.614824233235,16.381463451208692,-224.03708379740254,143.73603412966872,10.226123810193863
32.43407826629354,88.43783118545113,106.7077883014799,22.66596976066231,-33.56715022237961,207.42938858012587,11.049997732483067
32.89123405885053,82.23083006720047,224.5116264674902,18.3053377610402,-138.09237295507282,211.05659444473727,11.17882040226562
37.98092548571556,104.0921128216311,206.36065028384337,18.57385779485019,-366.67826215977107,183.26755602028686,10.415294147324515
32.95338695295924,88.26018688548982,200.23565384353327,21.207460703801697,-11.249279955667003,226.94860572214174,10.501282495323412
34.22487118896522,90.35248197708081,62.4601256311383,23.05951331766358,-18.75132606909768,149.6721267225775,10.842664918105376
33.83602058666401,97.73171846709428,163.49021202039367,21.74723111367845,308.19101790260424,226.9081683303555,10.499288117569956
31.851755672611937,94.2044662820029,180.72944860512376,20.52106095869434,131.19349685176647,211.67473208950992,10.727928028854095
36.758424998657546,93.59105102053859,184.89812603693917,21.13117501419374,-198.5631354091364,190.97259743693294,11.71196478267946
36.26031305677756,91.8926002354971,238.10994392869105,21.386994026363446,376.9536701173942,206.54672089941076,10.54744232818132
36.62217850726661,95.80492929665007,147.33294919579794,21.313330415845904,250.44261836746034,189.20527276855165,10.485331582104996
33.50500732536754,67.74330666606299,228.56292760961867,20.384209309003914,121.83927550494387,186.42632476750308,10.400761619788796
38.41303847860572,87.88068557452878,337.8070770131066,20.718629107444055,-38.53759443322861,230.78807223056367,11.00640384337862
33.08741535292546,103.3872810567589,117.9228512622456,19.92150028360217,-186.56900727443343,212.4319404144212,10.642796408613057
37.34849928788707,116.82092535473052,160.20643066375274,19.576413417612343,-67.99829236506545,268.7841097040665,10.327229474013409
40.83936397368299,106.6080495386437,318.25570666100435,20.501775586012364,225.28874948587824,306.6134569454421,11.258175439669547
34.76104769357816,99.66818886450308,252.1572730141514,18.16244158586493,382.6521519501117,187.7071575278461,11.40888616594494
35.8931925064105,99.84548281146162,138.613074512021,20.204183062792325,314.6833397335054,209.05971052691953,10.377420005045343
37.50875831756783,131.56070387847197,163.64390612668785,19.311988514785913,-91.2801884042409,180.5491777050636,9.715932987288117
36.586171900936655,109.66117886668741,161.044002638537,19.074374227749992,-217.69770319234502,197.8505923465804,11.168895078891605
34.77546396881329,92.65948400722556,76.87315628074981,20.411521300353982,33.91586176183257,233.6535101317356,10.356488043855746
38.29758440233412,93.18855659983103,143.32912421472685,22.251950038663264,-346.9636738146098,287.34333785498455,11.031484217754231
36.31951864704635,81.73433341504015,114.61448500436643,21.471401129344024,70.78506708248283,182.41275750417125,9.684838832137833
39.67497855754544,108.22208275253583,169.72799512945406,18.83828217949133,-22.366345911893866,234.9956256449777,11.060927143129819
37.17261284958397,92.3680246711169,182.76169742105228,19.274735341794926,-86.81503237345076,226.95604223766816,10.049333836068836
42.39499774986316,98.76495727868115,266.3350575447822,22.11704693630762,-310.8549184166029,289.4663779786077,10.941485327105822
38.01228997693211,95.564996099905,287.97999749612296,19.372653239285423,109.35844544562954,211.74694197747152,10.64796023370058
39.218341150969735,94.23037284128038,150.0593906295326,20.407018315507518,-99.53150525993914,260.8526977783301,10.14463723092999
41.77316623989693,128.30433195046797,302.7393287301172,21.58907922845112,-226.1207931118469,260.2794611147888,10.380960436021098
37.968070794066186,110.73657455465997,181.5713369289153,19.384968911217946,-567.8272149468296,235.1623105837682,10.98471010565975
41.16838691791886,109.84124088163098,232.49423295179204,20.997133223401793,2.1484980328358487,284.55235818086004,10.64580841540657
43.61142017905196,130.82799183653015,310.0461029996045,19.50044559317547,362.9909552208356,294.26787219588533,10.852601113399107
38.06583582314116,102.93827263432908,128.24074261970594,19.835627556472765,338.90628202976734,223.47567921175903,11.628165642798303
41.93373763110472,103.22150206447917,268.83104222059455,21.32810110894321,-83.49965883538044,272.8964960429687,9.800171847414148
42.367903124313465,128.15099858348023,261.89126615008513,19.07397181489127,-112.36656957755318,278.1233074402557,11.385069482588253
43.695450901147744,121.62772768971595,300.3192090279684,21.637545678796588,102.32784365061282,283.881998253442,10.611519008978252
39.941571357613455,96.48146685076907,236.59122906469423,20.726105321962077,-192.43657333419793,247.72868795259305,10.161234270116001
40.05822717497758,105.24218115660787,368.0756397501434,21.424324245357496,67.6370035731271,304.6469624399166,9.943734552397146
44.02669115415643,108.31054535154351,237.32543427914703,21.407881229439106,161.9177926580247,315.39589720406565,10.460666035080168
43.860444991165515,102.82311516827042,241.30657469100566,22.761020070591343,254.0235262875199,287.90210340035543,11.018108872583383
44.051128967167394,126.38959789323489,238.55857416941478,21.291673328274946,-11.31950373732512,319.7421512603216,10.491150489929725
44.5267073072461,137.41093467281655,249.61678365367914,20.669070044063538,-31.83499826288227,293.99758528516975,11.30470569070086
42.75742906687167,99.90789692898777,219.12403324270647,21.168928842146403,-167.3778681501687,320.10956575091745,9.84574371016669
44.86565352612716,124.79382618222363,359.329404553369,21.866647823428718,-156.33953435306597,318.81260543985513,10.539025705568884
45.27095870017902,113.67097105922929,379.30931910551715,21.309295038821837,-36.092914763656765,308.9641490598657,9.914098977348576
43.53977853930543,110.97819251061661,234.2783498074675,21.14340990712522,81.98624765325326,306.73415662259015,10.743111951752635
48.98369801942418,123.53530580617178,302.9881058871019,20.723560171730828,193.59324545056808,307.0182554436678,10.943606768022658
46.48348246073475,114.56879845503872,340.977314336467,20.56090703330295,-150.91683353125185,291.8655791598932,10.316117976123838
43.43687724628238,116.07740939515422,233.90844658601537,19.40210881962439,307.0115305917017,256.3765855829575,9.260488860347337
47.41625907973184,117.23114653521922,365.3874568493856,23.53535284559776,-44.089127947640634,340.4758995949586,10.615829539003924
44.437456143786044,120.7982086172635,293.80051452590146,19.68369500010627,4.59062049235935,355.013207222261,10.76857613429844
48.2446563135021,127.10925968926388,249.83075672124738,20.67365404933504,-138.92177947946624,412.573266727873,10.70981667343135
49.2713458858085,127.78888424585715,450.5693795021739,20.727282052198568,-473.8300319731102,376.6193695453184,11.115192283287033
45.59645771286678,111.91550766175096,406.7706784393807,22.35322937940365,186.14773349041957,330.80765154383784,10.00099463041369
49.448242229835344,124.85289226890502,323.9136838055251,21.249766430141914,158.47485665340128,305.5018096451438,10.835665457601758
48.6307194469962,136.13071087574806,323.83512284934335,23.03431216164892,-45.56058625275344,333.7899930223962,11.09997403832555
49.73294553488869,136.34153571346556,382.6262611540693,20.818481656968526,24.64742321168236,339.21782736376963,9.603482642253011
52.16607880198411,127.63964455697476,427.82912650823243,22.15252280377677,115.73877776377333,373.04352676195714,10.630050547977467
48.165384226446974,128.4067836204097,378.99735121728236,20.496145909982133,-302.0260775591373,339.68172233924025,10.25639792392511
47.432355751514244,133.0947606125035,448.2808794990795,24.011397379806837,-95.66759883016849,322.20751210003465,10.47542251641442
47.44446684275468,108.91711429567297,317.24525262074263,20.01312152911589,169.0014019614762,277.1286644341143,10.68989304904256
47.875542753851356,132.12245880842775,286.8890558613085,21.846203989598898,-240.51063259757706,363.8502472043308,10.267888989137692
49.63662752673053,124.46533122736787,281.0899221844134,22.3794483347385,69.9122138434913,329.54532540830644,10.155859724962513
50.75680251696853,139.59799297835292,339.1243904018877,22.20474151167218,-259.53666140704297,382.05445157839813,10.500104502306074
50.91154778777179,126.64627790400431,383.67487789357085,21.498013888879903,105.14801064789138,438.9298533802586,9.937965445196623
52.2962003089603,119.69167976575557,517.7633842351663,21.671910026701013,5.496344939235028,365.6517340187878,9.926164027417126
50.951505216420564,118.10333866221977,355.2999831723545,21.776070975349118,-311.1430009315349,301.2719071099028,10.82090465231075
54.1162372087559,142.77144248850357,456.7919913989334,21.788134694326555,246.65001371644536,406.7774976979955,9.879189824811801
50.96352300974185,137.00603254156943,385.5801927193067,22.881095507028174,-135.02852484137696,410.3516751927415,10.814262968244181
57.216842631173506,140.99894032688968,574.4064846494593,24.84002082845895,-146.29672097127792,512.834488891064,10.660724637593411
53.311506615300786,146.6646911260257,580.1047732251668,21.235618625336908,53.32866509426147,368.6328506972186,9.597404249184269
50.62952442871471,116.9586104490972,348.9290491142006,20.054375995963973,241.43989385454876,388.27508362569,10.145436737955409
50.48572216720155,132.5535074315307,348.9380954960752,21.580823809752445,-191.52748741263852,357.71945757983633,11.082626214317305
53.87611961558666,129.58013704134208,501.54854674398473,25.042400524928386,25.890854163552778,409.2343470902565,9.964988804999066
52.74791683622509,132.35143101254113,459.1382849811671,20.89768763971624,98.6471916213649,478.0122198496176,10.232932174909248
54.90651101683747,144.74026425525784,569.0278969020685,23.989467923492597,152.81931231669498,380.0158738288809,10.678205552804021
54.70865289957689,135.16749859610272,489.51707283810373,24.021328517730005,49.3606478001778,430.26880818215227,10.840458574139728
53.90018744689255,137.9049131749331,417.78795357412946,21.28422993230161,-59.83599501990171,426.7384088131666,10.3296024083796
52.635925457846,148.6527417367594,451.63964322878473,22.53637521544203,-152.69891905329155,429.90203800627035,10.167350405385706
51.58348606638758,130.18979647073746,463.9429635880521,23.72688228292019,29.45494286169118,387.63325496283653,11.186619366071692
54.00381823340177,150.36646670415584,490.4999529288961,21.50126571917717,-200.79480167330394,423.2194446039526,11.323963732986813
56.893313347959264,137.936214823322,527.1263225643762,21.920414841371837,-568.7440249768858,438.2334355151851,10.921257824854164
55.89237086934923,152.0289689525259,541.1147930466773,21.395694473902044,102.15421680431584,445.45700193534,10.482085300458502
53.25637344544135,154.5566198201824,497.6368776024784,20.682761869343093,193.9690486172479,394.5527768683098,10.056642499057567
56.377880476344195,123.2282561895876,569.4889794342095,21.349174511687217,-457.4163902495957,462.12510669801594,10.020485769767307
57.08582100587601,141.74559995998524,539.4233222207334,20.709494748643852,-186.2849850113046,441.3331972195097,10.691654687840117
54.83113899579257,149.84856876128683,446.77025890879605,22.05793321160207,137.98096805485636,435.48469054349346,10.656977902882804
57.189971701862405,147.9444753942261,511.3714787323767,21.261546375201277,427.233822560954,452.8650241997705,11.130426589094837
57.28260654863985,153.9179751053127,576.8021209458373,22.472531202170163,19.95919834259229,488.7009252047981,10.754169485792
55.16391613786311,138.86993847749957,414.1036400602154,20.174161410067125,-131.2369802823867,426.7563233259593,9.693585504863782
58.449099075997424,153.98864556472256,550.0325378635345,22.66968137551728,-19.927276799671876,416.6409840490023,10.946501628266107
59.13876102981383,153.29013022061378,518.4619993992022,23.31978101161691,292.1521897597223,516.5908979886661,9.916674958149212
60.46696208520442,169.84522582960912,571.5745038831857,20.015905767489627,-110.95798122351584,468.8798878889377,10.214736921181366
60.69213132470018,161.27453674476257,651.3376787292679,22.872124113616902,-141.41784069816686,479.3977146179634,10.530338169361865
56.11285610649269,150.65816688698374,492.857899847307,23.582662592500636,-81.55845305991919,422.2772556557682,11.435563560984265
57.27621238435314,146.0717612996582,507.0704567558151,20.73997236113545,-174.86981057246086,496.07131467435164,11.983950782033789
60.4656006203772,153.28793931021806,488.2296013566653,24.4153853383813,42.76780065947939,431.96376017234365,10.710093095642009
60.7467696095608,154.5413421457058,620.5689087323628,22.929678433861444,343.401599103289,593.8621324549488,10.313281171106247
61.03296070212499,163.52692317909543,620.6346271755162,21.599642003576523,83.32111500964422,535.1836357506744,10.670264379984761
67.99199593259884,172.77014502329448,870.4015977802385,22.810637072309003,-24.886848359978348,605.1507958020284,10.806188587732068
61.71198159445223,164.1777025550947,578.0710955822655,23.15990470789302,-39.07661472771059,510.84770148598034,10.238314090929356
63.1249994752036,185.5665066744634,640.7271329831166,22.67167398682256,-292.0864027436071,539.9650437704055,11.287469228905072
63.04553934360531,173.3250953933302,640.7744092170465,23.221936438885894,197.10035860638556,545.9622414643046,10.50538262713584
62.723985941007015,160.54972953083913,713.3349214283165,21.450167389817526,4.616776825763363,545.3638968174446,10.641188497586644
61.07433257089123,171.6979706488675,577.0740901400743,22.65159974508085,-17.355865673832913,520.7162634824224,10.735705078944994
63.50647712293495,161.68543907712186,652.8363874905878,20.908110214245166,659.5291198013468,539.2333136463352,10.598351285761742
60.72655587464978,138.43514433484592,611.8370406384355,22.29205311121853,78.19969979651383,493.5434910617201,10.82448231750077
62.08223671202141,152.1247286708795,615.7906602868093,21.429150449188533,-130.74855184528874,512.8848955793547,10.087681484928146
61.86881445161973,142.96411691879078,573.1575801018992,21.617429058624296,-65.8492907798534,508.7327608516902,10.118502557691935
63.286957447827085,161.70225877915462,642.8323238310325,24.07402886802057,250.39123143748233,567.5946324306855,9.83880425218507
68.03619392417797,177.27466860234043,806.0940599567227,24.189731453372875,48.288868777720914,616.882888177499,10.581879501318188
59.95601402742395,173.6544081913127,497.48576356439605,23.105410520409784,-269.8352256097718,401.150568167496,10.799600055793515
65.34673241513298,173.63610477547408,685.9770706704119,21.408054432478785,206.55849318528436,581.3147098207907,10.60569474133707
61.032447913781155,157.39011449636425,539.8873470319882,22.06593248340585,-114.92398834915764,509.33724879996004,11.240261103894525
63.59768354635809,174.2882646777301,709.8428175889577,24.066025429797808,395.6531486727391,537.2180798134636,10.384212772203659
67.0031160936482,152.39643714404167,625.4829506838087,22.98901680504742,240.47995336525005,572.9326416145019,10.70200103999965
65.2374425596809,172.4497519802879,641.937143830195,25.495329753934296,-66.86310071074257,593.8589150382708,9.831579592950558
63.23706058740786,172.80130340738933,652.7066970887463,23.059543531217294,276.85893047493687,561.3343823284273,10.195633585417443
64.24561034652304,152.82816340850917,746.694300473945,22.88131253973371,35.18581039719964,523.3859157133509,10.730936418594741
67.31908088468883,186.73524264379137,720.4694719134096,22.466835108150836,195.37548998160867,601.216762725608,10.79048103680964
64.7828197451617,172.3420134378484,631.7023159897456,22.844410849003815,119.0901619008256,524.7533977786477,10.233054963207373
66.96013780953645,170.2474653848331,828.7210218322487,22.633426133409603,-144.84827123592072,542.5998032393438,10.33206307720533
66.90203193195663,180.58289849095442,627.5894455040642,23.662647769418026,-104.35068383324153,564.3762161336709,9.609240621333864
65.79135517871387,194.18531652482864,556.3980603169896,23.893996577903184,229.1638828262669,593.6362218976709,10.195785336064631
71.66611167435265,187.98394173646656,858.608844484299,22.14488462879353,-36.77153126709038,679.6225303728525,10.789230906611008
68.92972916211453,181.8065287682897,733.3490715249922,21.334870726598577,-54.04315129688018,627.1067530819337,10.645104250152752
63.89527356593979,162.14457491944702,583.5614070875946,20.42553512245058,-169.74789480625623,563.5641184994413,10.635568928377378
68.60213499057038,170.00689378177805,797.9455669191383,23.52288421853134,111.01583402422308,622.5546206721261,10.384071227853793
67.18932105327124,183.27666079862055,735.94105238637,21.5060173606048,437.18122796564927,567.9452726903236,10.370157901644962
70.50142827417697,174.69273242635376,768.7412750730495,20.439063163741785,-184.8642489669547,647.1408347936233,10.019482795485798
67.49518774949563,176.453631745933,651.8162466991926,23.31451953638508,29.8621274987991,615.4847562259995,10.71440335490705
69.13442396520374,175.05948544535818,820.8578832013048,25.935810552028485,309.37760489564056,637.2520083585903,10.56694480729706
70.65753902787495,188.43364582715128,845.537017889029,23.024094157998295,12.915975982814935,672.0988784805686,10.594891067702793
71.66274248003079,189.49347725294643,826.1709526849866,24.09407285681313,120.65331851227089,672.2289248607369,10.081037855782546
67.8143068993555,186.91116669096775,847.1113431127886,22.96528798585805,-187.09860652082278,606.4966568397989,9.28662508589116
69.82956486356166,176.47374817035666,721.5398452366189,22.86556235805212,113.45074503920888,656.6455401760005,10.90153631049689
69.83234433469813,178.88211148381163,694.2827197963907,24.08728093287401,-9.636051402574598,623.7851701382328,10.113527376417666
69.75924411364913,171.61047312629975,742.4782113277162,22.631870323034423,224.8475262434679,597.0788029992665,9.921922845264426
74.88047868113526,189.75826410207705,914.040620478455,23.584443676055365,272.3582392324666,693.4815998848654,10.676204957948027
72.44320124427148,191.8810080411272,866.8742445301503,23.517248662253625,549.1704242450503,640.0131585850651,10.14439278542325
69.39513753545599,188.0577300050935,760.4774466352228,22.157558658538477,143.17797605099113,598.0806135331106,10.885106357459925
74.03629696001212,182.86908915825404,915.2890864210416,24.40867270907685,98.74007825735052,681.4834861021909,10.641675066333896
76.72855308170435,207.5174419053175,892.1761469058447,23.151143926934243,76.7827479079132,702.3822712184054,10.663416790448967
74.83283883055788,207.6384756644442,1002.1181132407721,22.354133050358428,-35.826927261143936,688.4239968653337,9.646694623836517
70.01283599932407,186.16643903054717,785.3918622321235,23.638526198915645,95.71622611423956,570.3572792284093,10.958021022255096
72.3667754072761,206.6848966437709,917.3274602428875,22.048827585246542,-27.929901843227235,667.6413644289979,10.471378963203051
76.15273347315835,189.64394169186016,971.9530834499658,23.36478128725028,70.6284862324961,717.4914422943181,10.13939401969141
72.48723986532404,175.77155263019594,880.8234622118595,23.122699382078498,294.83920894442576,638.4919403785696,10.41188934843957
75.07388527463056,176.89751069753362,956.1820310357186,24.576965741407456,-166.12257927818828,721.0393083665572,9.440510268267767
76.0191821469733,212.00839848232508,974.5881780190598,23.89358069989735,264.69068882015745,743.5702851251278,10.528920867835419
72.89972071873495,195.79295836037795,902.7380596097585,23.12630688146002,295.32948916631204,620.8245107863752,9.823610517624942
74.91819857154402,193.73964971975553,997.5418515343742,24.24690688941257,11.326580684950372,676.054822458978,9.652966664423417
68.83838222530598,181.89564182646313,773.0206969856348,24.595294941073643,-397.7939113170944,587.3433880186204,9.596789752735111
73.55580924455204,179.63463263839634,923.9642124458401,23.861550077777842,-88.70187169599129,650.5144018081197,10.891663463797055
75.3831158462108,219.91530941169526,924.9893417407816,23.302756432489083,295.0778910966778,730.7735065751629,10.012665765728121
73.67635340684394,192.48309533686214,971.0189829724696,21.624524114842163,28.467659983005294,674.677234594926,11.101641851733179
79.72041000041341,207.39497294708244,1011.3239860020066,22.235966157657778,-156.49165867841634,764.0502940265022,10.041810282080842
73.87897225840538,198.9550968850004,998.0400175910792,22.84344333187857,-67.61106886289518,623.3729134298782,9.480193125026288
76.14283366270918,202.16717647414006,948.7082456106115,22.599029224372103,205.0438451416045,736.3685947388017,9.765811952738941
77.56807141245183,203.1590187739209,904.8104201650071,23.180258003015755,148.71201571733832,701.7310329192458,10.936101223872797
80.4728044577884,200.2772665900179,1081.4423029815719,23.619657087971127,-2.924121673429603,785.474180839741,10.228901769626484
75.00220119907378,199.22018656904442,879.1963338955547,23.905701154934523,-38.29226791622107,708.512196791808,10.054794193101126
80.48392062751908,227.03004653354805,1124.5191469721246,23.467631149191288,-33.46688467298575,824.6691728815441,10.386818110425184
78.46172686702484,216.60851762911187,976.7058972319034,24.03424577283261,-143.50141715450226,713.3118305087219,10.565508240705181
76.76191106466626,214.83664392805963,941.421458873061,23.440203567576475,361.0379690927893,636.0746870795452,10.880193564379693
79.93280293706522,201.71985057835118,944.679744407213,21.154185394056828,-20.67881379305087,780.7946421465422,11.033147850182928
79.69038300146212,196.3299093010695,1023.9019004246139,22.38539318157823,286.7419309642777,825.5358930483036,10.129941942269511
78.3754974777741,201.68087449343878,867.9844689466554,23.27314031848109,345.08512023009837,788.421939765001,9.651934812896856
79.99920302384822,207.55525668250752,964.9427184094894,22.07643299828012,243.57848592256673,782.5996326230076,10.101912431570634
79.37263928192117,216.3735133895124,1087.5101348384896,24.21652933775723,-43.628699330540584,751.8553973825963,10.441191379935526
80.65396878792369,191.71027567266103,1126.1986394039527,25.397573052324823,125.97554626483219,810.7145862818902,9.824290590489166
82.03486306823979,227.38266086520562,1145.3666162273491,25.091091487150365,43.29014289432996,778.9503032968518,9.822502897790502
84.16630297326492,215.8356784473724,1126.2758337299374,23.47504711059673,-127.76616218616019,856.3045959704866,10.465437268678327
78.80230596509702,199.73695421326838,1022.6910858195432,25.256640404028442,106.48538511466894,772.9740876433995,10.288947979612418
85.82767133383975,211.4481345819977,1235.5786669709703,23.987766805511527,-178.7215092998871,900.5701990127626,10.304325141550457
77.94109660725871,185.3041747994891,931.6377368950784,23.019310313466335,277.5675482237471,827.392248035548,9.937444158257328
81.82536963800905,219.79512993464178,1203.8060124713645,22.882266154944784,-45.24578772464124,816.6296195849627,10.186639527334256
83.58924186282589,216.70628432894875,1219.3062828864634,23.340695680048473,91.84822738303801,817.5271440111384,9.833429285110215
83.2582588071033,202.24603802034773,1143.3549050670292,23.221977133071338,107.51078205987872,826.7589820608661,10.741806025213553
81.73454365376855,198.38557141378524,1112.5166446363257,23.81840636063554,-4.297792036909144,750.3559159796598,10.819795911632239
82.84736581447169,210.76056754327794,1156.6980755128163,23.86068857218739,167.26032253514916,800.1601368888206,9.375066896679852
82.56127606764508,230.0934054220066,1013.0849408751883,23.657818255622125,-45.69774187884022,804.1916077632804,9.834426214518244
82.65221604485082,211.034626598491,1123.4904723391505,24.182892348925527,223.74454289668472,802.186831186759,9.550591770791092
85.81381737455781,206.50311390521347,1194.4417434752509,25.237495670502064,-212.14506532615266,873.1101869856967,9.962960624672537
85.11231177422236,217.32334879469644,1153.386987194124,24.9153517597804,80.55394837290658,832.5346979992369,10.248599547785112
83.29612923354746,212.51308738639193,1140.8946237845685,21.907730759094484,438.72574391788874,861.7594605767196,9.57175091288908
86.76481579671177,196.9431730623637,1373.1933962683013,20.788099404223498,-140.52091131648734,883.9972834741461,9.823922283612358
85.86388270937499,221.11675810825935,1275.380194333757,24.932237026181607,-78.36944629281959,869.0714277926714,9.785827928402723
87.1586755270762,222.58734351560372,1243.580177958634,22.230666818224282,163.39169476118792,880.5834230185118,10.38721324266536
87.07587659502201,231.6517551356892,1309.568994054604,23.597401051039522,96.30107099957976,893.7229615704936,10.3185183357831
84.44229651110714,236.5953022272213,1276.7347246757863,22.34013804700068,123.76225667836222,871.188892150771,9.931726355026484
85.26359207433384,231.42463048131216,1273.6632714354457,21.620613640011435,153.49305377660323,833.6324765059499,10.378219837682112
88.16220898675081,224.7166355613287,1313.6062139196633,24.56646888046763,190.35425461920067,887.1368332989238,10.007047806819829
88.17202992914773,216.3648157354526,1271.5290759155268,24.82814535930131,285.37795904220695,897.9301894660292,10.144529413494789
87.19315383212901,250.71648261282115,1320.8431523590914,23.18069078606129,142.66796725077307,850.607776850329,11.120194760278633
87.75327940845138,226.97538286127332,1320.4768942874982,20.788866184721055,14.002241218709734,875.5816384873325,10.951910258369594
90.35762205518716,233.03334805709738,1435.5386997297117,23.35960816173648,204.50909197439768,928.9957250621935,9.623859236223728
86.90281710771515,224.01579189818784,1307.8217810291706,24.329326604707862,439.89267130118947,912.4734311234041,10.69927120098171
89.4638222695034,232.64040328143705,1415.3367951245084,22.200643409907943,40.70822474696391,936.2743319268706,10.68205184459255
88.24890982407204,226.17867044094066,1280.7131748615898,24.14067727361018,-131.2480204341997,914.1154029396479,9.705983822011799
88.50160034426189,222.51738079185236,1400.0454956043652,23.913710720338,285.80196349951984,937.999551813893,10.688713436228896
91.41818407646721,230.07687077876412,1429.0583000199113,24.75692743624319,49.33961631887172,956.9381435876908,11.039475494205524
91.1551306922454,234.5602940284535,1532.9018305848476,24.193747594060355,-361.9819896049086,968.3523878156368,9.710009291257764
91.41498488804712,230.10321450878013,1375.7436686668611,22.89395492481786,242.8896160993841,957.9088334319404,9.81176748889306
92.682590852131,231.57801930355586,1564.1225850462251,25.552608417945862,-29.351425511815563,990.3761420556244,10.775689279631901
90.39730854286438,234.05757363407992,1395.01739973793,23.82662248916359,52.012809308830555,926.4625659736547,10.409278686015059
92.00287442396528,234.45741388570465,1397.8120769656223,24.054513833786952,141.7692006678247,897.7483907002018,10.544547033633387
90.30210258996495,247.79518636073925,1350.954488620557,22.89272142770255,107.9196337521516,938.3268005676019,10.444110865338095
91.85463642990524,210.12689299083297,1412.6700989526405,23.548890453233874,216.76237894763216,1011.0935738353278,10.4645859970469
91.22968523796949,245.98928161414835,1436.3319947940045,22.99175810376097,-14.301537353698308,985.6770861014568,9.60782633766764
91.96763089846681,249.37992917114332,1467.0762632020549,23.87821143640935,177.8748502563136,999.2798144701511,10.792569653321358
93.2476206411317,219.38514927874775,1444.8588888867725,26.195084345313177,27.806199514997424,1029.0994132770234,10.850053682108918
90.70453284556744,230.33445617311511,1391.8875816741634,22.38414795695809,218.85770219358983,951.7432328132505,10.157919287506322
96.8094163851818,245.3091323029966,1732.5205925290677,22.35470338757944,216.64681624220322,1059.2537148055155,10.233860637366144
90.89627469258798,220.16556978429176,1503.3903167263609,25.80428046444772,-115.37604013993459,933.7660372773348,9.506492096974748
90.76359985178843,226.1308327535623,1421.4948322361904,23.781844877588746,288.4812538277247,940.5903852492319,10.529566559126252
95.79186644614055,235.37390766069308,1570.1209447987158,23.44582383350893,-17.807450900563992,1054.1490013349069,10.544314885985536
95.34263770884277,262.87929870634315,1559.2176795324967,25.477794087810647,249.2079905325993,1064.032235657977,10.228394999488641
95.29121957679772,254.5848328734689,1587.020725320127,23.501012039753142,160.8514458421077,1022.8454925132166,10.82180575213805
95.58333858299846,258.6738974074377,1499.1173532735252,26.43120574531136,456.1871275301367,1018.5652699954217,10.0918052013296
94.58582164055258,250.6812747418138,1510.0954739166268,25.01154139710872,39.97021501359776,1014.9075493065714,10.543848028636685
93.09947406505125,228.45816745045585,1374.088947610021,23.549180450732784,9.322512036095631,1007.5312027563748,9.755844129574777
95.32925954618688,240.07794620266947,1575.4991538426088,26.818117012741396,83.65979100068535,984.3692938189379,10.24775047047195
94.1069946285517,247.16123218365846,1547.7360601001612,23.45087159517377,22.222707610583157,937.7983872600051,10.175684715202523
97.69522514018793,239.01678476155035,1606.7945398798754,25.217925187150804,257.36700123911044,1052.2812755039458,10.365959021771785
95.73453853212466,253.46633063203552,1660.2559637928002,24.605467646690116,-234.10717850100633,998.0629697756735,10.0736757691741
94.66132652332041,241.2500623267197,1454.6234284808352,25.763311699026833,-125.78492054583644,1000.9440647523556,10.195602331980318
95.95321685537597,243.13483406294395,1485.6818216002443,26.129256429126347,-123.5239788276197,1034.035030865497,10.67087990870684
97.7055190690097,258.3733973545592,1649.6242432154932,24.366237168528507,287.48525808136674,1055.3801213024396,10.034896525126447
96.035874676627,251.53231980642792,1639.2961191078098,23.354785820423047,432.49480395945227,1083.4741594849845,9.454348123523824
95.80255061287859,242.89671487400568,1669.2537504354693,24.801123807422716,68.53838005286292,1045.6630388983094,11.133049610002418
98.21803344877178,264.13838165557195,1627.1692627903585,23.535500910331542,65.93240370160748,1086.9776292197266,10.942697362995206
98.50425978978191,242.4500161984558,1729.8259099831014,26.776463872390774,114.99959898348723,1101.6602353155308,9.605114177541456
97.28410791859872,256.36962586593944,1618.6766987776741,24.474384977731034,327.9693122302562,1027.4452034128224,10.599218525036484
97.63958527988083,257.02997577938595,1623.4213288893327,23.886746130725246,-88.33551698829024,1098.9969703257082,10.001960557850456
99.32942938760925,252.22810907588322,1748.298416579983,24.61538394942969,152.48344984174003,1095.2731059847258,10.380922738381164
96.25282845167584,250.89340135161078,1623.3022843393253,22.65136188955251,286.29827220054955,1063.7758649831778,10.404173996771496
96.61773720769388,236.03320725538168,1502.5606875848623,23.117112511186352,192.98850182325936,1017.8436066718324,10.138897098647101
98.27944393571863,261.9388800313656,1745.5239092392105,25.791756248242315,137.88896185500053,1032.4292263518926,9.859931631600729
99.5731056965763,254.08374287701088,1787.0468397714296,23.615295285238325,306.17447942409456,1126.3939176438396,9.903304874062917
